{"S-Skills":{"X":true,"C":true,"Z":true,"F":false,"V":true},"DracoTrial":false,"B-Quest":true,"PoleV1":false,"S-Aura":"Dragon","LegendSword":false,"Raid":false,"S-AutoClick":true,"Stats-Defense":false,"R-BuyChip":false,"M-Health":10,"SecondSea":true,"Stats-Gun":false,"SoulReaper":false,"M-WalkOnWater":true,"S-RaceV4":false,"S-RaceV3":false,"Tushita":false,"ChestTween":false,"S-Fish":{"Shark":true,"Terrorshark":true,"Fish Crew Member":true,"Sea Beast":false,"Piranha":true},"AllBosses":false,"Esp-Flower":false,"S-TweenSpeed":200,"S-Distance":15,"S-BringMobs":true,"MirageFruitDealer":false,"RaceV2":false,"UIScale":"Large","S-ClickDelay":0.02,"Material":false,"AuraColor":false,"Sea":false,"F-RandomFruit":true,"TheSaw":false,"R-RaidChip":"Buddha","EliteHunter":false,"MirageGear":false,"Stats-Melee":false,"RainbowHaki":false,"P-Stats":1,"S-BoatSpeed":250,"ThirdSea":false,"S-QuestDenounce":false,"KitsuneIsland":false,"Mastery":false,"S-Enemies":{"Sea Beast":true,"PirateBrigade":false},"FarmTool":"Melee","Saber":false,"Esp-Chests":false,"Bartilo":false,"Yama":false,"Fruits":false,"Leviathan":false,"Rengoku":false,"A-Stats":true,"M-Skills":{"X":true,"C":false,"Z":true,"F":false,"V":false},"BerryBush":false,"S-FullyLaw":false,"DonSwan":false,"RaceV3":false,"BossSelected":false,"A-TweenBoat":true,"PrehistoricEgg":false,"CraftVolcanicMagnet":false,"Factory":true,"M-AntiAFK":true,"SmoothFarm":false,"S-FarmMode":"Up","S-AutoBuso":true,"S-Material":"nil","S-BerryHop":false,"Nearest":false,"Ectoplasm":false,"Esp-Players":false,"Esp-Island":false,"Darkbeard":false,"S-BringDistance":250,"M-Notifications":false,"PirateRaid":false,"P-Reset":false,"M-DamageCounter":false,"S-CraftHop":false,"M-WalkSpeed:B":150,"RipIndra":false,"Order":false,"S-SeaLevel":"6","CakePrince":false,"S-Boat":{"PirateBrigade":false,"PirateGrandBrigade":false,"FishBoat":false,"GhostShip":false},"Stats-Demon Fruit":true,"CursedCaptain":false,"A-Amount":20,"TeleportMirage":false,"MirageLookMoon":false,"Level":false,"PrehistoricIsland":false,"Stats-Sword":false,"PrehistoricBones":false,"Esp-Berry":false,"DojoTrainer":false,"Esp-Fruits":false,"M-WalkSpeed:A":false,"DoughKing":false,"CursedDualKatana":false,"B-Selected":"nil","Bones":false,"S-AutoShoot":false,"DracoV2V3":false,"LavaGolem":false,"M-Tool":"Blox Fruit","F-AutoStore":true,"DragonHunter":false,"Citizen":false}